0,エフエルシープレミアム株式会社 | 【大阪府緊急雇用対策に賛同】東証二部上場企業のグループ！,,
1,アートバンライン株式会社 | 大手企業と多数取引で業績好調★売上295億円を誇る安定企業,,
2,UTエイム株式会社 | 【東証一部上場グループ】文系OK！キャリアチェンジも歓迎します,,
3,アートバンライン株式会社 | 大手企業と多数取引で業績好調★月8～9日休み★土日休みも可,,
4,株式会社エコスマート | <11期連続増収増益>定着率92.3％／年3回長期休暇あり／未経験OK,,
5,株式会社 One's Will | ★月収100万円超えの営業が活躍中 ★完全週休2日 ★残業ほぼなし,,
6,アイアール株式会社 | ★完全週休2日制（土日祝） ★年間休日125日 ★超充実の福利厚生,,
7,株式会社アイエスエフネット | ★在宅勤務OK★年休126日★平均残業7.8h★インセンMAX60％,,
8,DSP株式会社 | 入社半年で月収100万円以上の社員多数/大阪府緊急雇用対策に賛同,,
9,株式会社アイエスエフネット | ★在宅勤務OK★年休126日★平均残業7.8h★インセンMAX60％,,
10,株式会社メディオテクノ | 完全週休2日｜月給25万9500円～｜インセンティブ有｜残業少なめ,,
11,株式会社Reazista | リリース2年で加盟店舗7万店以上！急成長企業の直販メンバー募集,,
12,株式会社ダイオーズジャパン | 【東証1部上場グループ】★年間休日120日以上★残業ほぼなし,,
13,株式会社SEC | ★90％以上が入社時に給与UP！★即日内定、超スピード選考可能！,,
14,UTエイム株式会社 | 大阪府緊急雇用対策に賛同【東証一部上場グループ】,,
15,アートバンライン株式会社 | 大手企業と多数取引で業績好調★月8～9日休み土日休みも可,,
16,東建コーポレーション株式会社 | ◎WEB面接実施中　◎全国採用実施中（自宅近くの拠点を考慮）,,
17,ジャパニアス株式会社 | 日本ディープラーニング協会加盟◇残業月20H程◇テレワーク約7割,,
18,ソフトバンク営業職合同募集 | 【条件満たす方全員、電話面談確約】,,
19,株式会社ティーアイピー | 有給取得率100％／完全週休二日(土日休み)／社員寮(無料)あり,,
20,株式会社NEXER | コロナ禍でも安定成長／4拠点同時募集／オープニング募集も！,,
21,株式会社修優舘 | あなたの経験と能力を満足のいく給与に変えてみませんか？,,
22,株式会社綜合キャリアオプション | HR×テクノロジーが強みの大注目企業◆売上1010億円＆社員2000名,,
23,日研トータルソーシング株式会社 | 大阪府緊急雇用対策に賛同　★年休最大160日＋残業ほぼなし,,
24,DSP株式会社 | <大阪府緊急雇用対策に賛同>【完全週休2日】【産休育休実績有】,,
25,UTエイム株式会社 | 【東証一部上場グループ】フリーターもOK！大切なのはこれから♪,,
26,UTエイム株式会社 | 【東証一部上場グループ】★30～40代多数活躍中！,,
27,フォーザウィン株式会社 | ＜完全週休2日／年間休日125日／有休取得100％／基本定時退社＞,,
28,東京・日本交通株式会社 | 売上業界No.1グループ｜難波募集｜大阪府緊急雇用対策に賛同,,
29,UTコンストラクション株式会社 | 【東証一部上場グループ】★オンライン面接→12月入社も可能！,,
30,フォーザウィン株式会社 | ＜有休消化率100%／残業月平均15時間以下／年間休日125日＞,,
31,東京・日本交通株式会社 | 売上業界No.1 日本交通グループ【大阪府緊急雇用対策に賛同】,,
32,株式会社エー・エス・エル | 《東証一部上場企業グループ》コロナ禍でも過去最高益レベル！,,
33,株式会社ビッグモーター | 月8～10日休／賞与年2回／残業ほぼなし／転勤なし,,
34,UTエイム株式会社 | 【東証一部上場グループ】★WEB面接OK／スピード入社も可能,,
35,株式会社こども総合研究所 | ＜教育×IT(AI・ビッグデータ)／年休125日／残業ほぼゼロ＞,,
36,DSP株式会社 | 初年度年収450万円以上可/産休育休有/大阪府緊急雇用対策に賛同,,
37,フォーザウィン株式会社 | ＜完全週休2日／年間休日125日／有休取得100％／基本定時退社＞,,
38,住友不動産株式会社 | 【東証一部上場】★全領域で業界トップクラス！平均年収710万円,,
39,UTエイム株式会社 | 【東証1部上場グループの安定基盤】条件重視の方はぜひ！,,
40,新エネルギー計画株式会社 | ◆20～50代が活躍中◆残業ほぼゼロ ◆完全週休2日制 ◆実働7H,,
41,株式会社ワールドコーポレーション | 大阪府緊急雇用対策に賛同,,
42,日研トータルソーシング株式会社 | ≪1年目から年収500万円以上≫入社後2年間半年ごとの昇給あり★,,
43,株式会社そら | 『Dr.stretch』／業績好調／年4回昇給・成長できる環境が魅力！,,
44,住友不動産株式会社 | 【東証一部上場】★転勤なし ★3割が年収800万以上！,,
45,株式会社ワールドコーポレーション,,
46,UTエイム株式会社 | 【東証一部上場グループ】★完全週休2日制・年休190日以上も可能,,
47,ソフトバンク営業職合同募集 | 【条件満たす方全員、電話面談確約】,,
48,UTエイム株式会社 | 【東証一部上場グループ】★安定基盤,,
49,株式会社日本セレモニー | コロナ禍でも黒字経営★典礼会館やFIVESTAR WEDDINGを運営！,,
0,株式会社レシックス | 【創業30年以上の安定企業/全国へ事業拡大】実働7時間＆残業なし,,
1,東京エムケイ株式会社 | 年収1000万円も夢ではありません！/男性育休実績あり,,
2,東京エムケイ株式会社 | 月収実績:タクシー81.3万円★男性の育休/時短勤務実績あり,,
3,株式会社ＫＯＧＡＯ | ★芸能人も多数来店 ★メディアで話題のSpeed小顔,,
4,株式会社インテリックス | 【東証一部上場】★収入2倍UPの先輩多数★年収2000万円以上も可,,
5,株式会社ガリレオコーポレーション | ☆★週休2日制&年間休日117日で、プライベートも充実★☆,,
6,株式会社ハウスコミュニケーション | 《関西トップクラスの店舗数》★東京採用は月給30万円以上！,,
7,クレストジャパン株式会社 | ★経験者採用★年収1000万以上目指す人、必見の求人です！,,
8,株式会社来来亭 | 好きな場所で年収1000万円超の店長へ｜20～30代活躍中,,
9,株式会社ディードライブ | インセンティブあり／決算賞与あり／大阪府緊急雇用対策に賛同,,
10,株式会社リンクスタッフグループ | ■年休120日以上 ■未経験OK ■体育会系出身の先輩が多数在籍,,
11,株式会社サニックス | ◆東証一部上場企業 ◆初任地は希望勤務地を確約／年間休日115日,,
12,株式会社窪治組 | ★転勤なし★社員寮完備★残業ほぼなし★実働7.5h★各種手当充実,,
13,株式会社アイム・ユニバース | 東京ヤクルトスワローズ公式スポンサー/借上社宅有/年休120日超,,
14,株式会社VRST | ☆犬猫のいる会社☆まさかの独立支援制度☆IT×保護犬猫事業展開,,
15,"泉北ホーム株式会社 | コロナ禍でも業績好調&過去最高実績！「年収1,000万円」も可能",,
16,日本交通埼玉株式会社 | 業界No.1ブランド！◆未経験入社90％以上◆年収700万以上も可能,,
17,株式会社IDD | 未経験大歓迎/高収入/転勤なし/完全週休2日/ノルマ一切なし,,
18,株式会社グッドワークコミュニケーションズ | 1年目の平均月給36万円／研修2ヵ月／基本定時退社／年休120日,,
19,株式会社TAPP | IPO視野！売上150億見込の成長企業,,
20,株式会社 ADAMASエンタープライズ | ★注目の事業で売上げ拡大中★転勤なし★年間休日110日以上,,
21,株式会社ガーヴェラ | 月給25.8万円～＋高率歩合給／ルールに縛られない働き方を推奨！,,
22,脱毛の窓口 Tokyo Clinic | 日本橋院が2022年1月に新規オープン！／渋谷院／銀座院／大宮院,,
23,株式会社ケイディアイ | 【東証一部上場のナックグループ】完休2日制・働きやすさ抜群,,
24,株式会社FGGコーポレーション | 前給保証で更にスキルUP！/リモート勤務も可能/ソフト等もお任せ,,
25,株式会社家づくり本舗 | ◆完全週休2日制◆キャリアUPのチャンス豊富◆産育休実績あり,,
26,株式会社アミ―クス | 『トータルリペア』オーナー募集,,
27,株式会社アスタイル | 確かな信頼と実績を誇る総合不動産企業,,
28,日研トータルソーシング株式会社 | 【大阪府緊急雇用対策に賛同】★オンライン説明会開催中！,,
29,日研トータルソーシング株式会社 | 大阪府緊急雇用対策に賛同　★応募から1～2週間でスピード内定可,,
30,加納コーポレーション株式会社 | 賞与年2回、昇給年4回、完全週休2日制など、各種体制完備。,,
31,東建コーポレーション株式会社 | WEB面接実施！『 年齢に関係なく、まだまだやれる会社です！』,,
32,東建コーポレーション株式会社 | ＜転職成功者が多数＞年収320万から、860万を実現した先輩も◎,,
33,マルデナポリジャパン株式会社 | 100店舗チャレンジ始動★新ポストもあり未経験者もチャンス十分,,
34,UTエイム株式会社 | 大阪府緊急雇用対策に賛同【東証1部上場グループの安定基盤】,,
35,UTエイム株式会社 | 【東証一部上場グループ】★WEB面接OK／今月入社も可能,,
36,メットライフ生命保険株式会社 | 大阪アーバンエイジェンシーオフィス｜幅広い年齢層が活躍中！,,
37,株式会社エアコン名人 | 　【IT×設備で成長中！】立ち上げメンバー/アプリで業務効率化,,
38,BSCモーゲージバンク株式会社 | ★業界No.1・東証一部上場ARUHIのFC企業として圧倒的シェア！,,
39,新日本住設EAST株式会社 | 【7年連続140％売上伸長の安定基盤】★年収1000万円以上も可能！,,
40,新日本住設EAST株式会社 | 【7年連続140％売上伸長の安定基盤】★年収1000万円以上も可能！,,
41,UTコンストラクション株式会社 | 東証一部上場グループ★大手ゼネコンへの転籍実績も多数,,
42,株式会社吉安建設 | ＜大正5年創業＞熊本・菊池の総合建設会社／転勤なしで働ける,,
43,株式会社神美 | 女性専門のセルライトケア『THE PERFECT LINE』を全国に展開！,,
44,株式会社テクトン | WEB面接可／20代・30代活躍中／年間休日125日／土日祝休み,,
45,クリーンデバイス・テクノロジー株式会社,,
46,悠悠ホーム株式会社 | ◎完全週休2日制 ◎充実の手当は10種類 ◎業界・業種未経験OK,,
47,ポラス株式会社 | 14年連続住宅販売No.1！知名度バツグン！地域に根差した安定企業,,
48,HITOWAライフパートナー株式会社 | 全国募集★自宅開業OK★転勤なし◎未経験歓迎！学歴・スキル不問,,
49,株式会社平和地建 | 人々の暮らしに笑顔を増やす。なくてはならない企業となるために,,
0,大同生命保険株式会社 | ★業界経験一切不問 ★有給取得実績多数 ★転勤なし ★土日休み,,
1,株式会社LEVELY | ★未経験歓迎(研修充実)／完全週休2日／女性活躍中／複数名採用,,
2,ハウスリンクホーム株式会社 | ■年休130日 ■残業月10h程＆残業代100％支給 ■社宅4.5万円補助,,
3,益三建設株式会社 | ＜設立50年！地域に愛された会社＞＊UIターン歓迎＊住宅手当あり,,
4,新日本住設EAST株式会社 | 【7年連続140％売上伸長の安定基盤】★年収1000万円以上も可能！,,
5,UTエイム株式会社 | 【超スピード選考】最短当日面接＆当日採用(規定有)！,,
6,株式会社アーキ・ジャパン | 平均月収53万円(施工管理・技術職)【大阪府緊急雇用対策に賛同】,,
7,株式会社三和交通統轄本部 | 有給消化98％/サービス残業0/賞与年2回/予約年200万件,,
8,株式会社千葉東建設 | 未経験でも月給25万円～＋歩合給＋賞与年2回＋各種手当,,
9,株式会社エフティグループ | ★東証JASDAQ上場総合商社・安定性抜群★年休120日★WEB面接1回,,
10,株式会社ムーブリフォーム | オープニングStaff募集◆未経験でも月15万円以上の歩合獲得可能,,
11,株式会社T-TOP | コロナ禍でも業績好調｜オープニング募集｜平均月収40万円,,
12,株式会社WILL | 「MOODYZ(ムーディーズ)」「S1(エスワン)」などを手がける企業！,,
13,株式会社御剣商事 | ★★関西 積極採用中★★嬉しい福利厚生：理美容補助金など,,
14,株式会社ウイルテック | 〈自動車関連の製造スタッフ募集〉★毎週土日休み/残業も少なめ,,
15,株式会社PEO | 東証一部上場アウトソーシンググループ◆賞与年2回◆退職金制度,,
16,株式会社エージェントゲート | 直近も増益の安定基盤/残業基本なし/リモート勤務も実施中です,,
17,株式会社センス | ★未経験からでも年収1000万円超の先輩が活躍中★100％面接保証,,
18,株式会社エージェントゲート | 化粧品メーカー等と取引/産育休取得＆復帰100％/残業基本なし,,
19,株式会社アサンテ | <東証一部上場>★創業50年&国内売上No.1の安定基盤★未経験OK,,
20,住友不動産販売株式会社 | 【東証一部上場住友不動産グループ】,,
21,株式会社グッドライフ | ◇社員の多くが入社3～5年目に年収600～800万円を超えを実現◇,,
22,株式会社エージェントゲート | 大手プライム多数/前職以上の給与最大限保証/リモート勤務有,,
23,株式会社ネクステージ | ◎東証・名証一部上場 ◎土日祝休も可 ◎平均年収740万円,,
24,株式会社貴順 | ★未経験歓迎★週・日払い可★男女活躍中★契約祝金最大10万円！,,
25,ME不動産東葛株式会社 | 9割が未経験入社★拠点拡大に伴い、未経験から役員を目指せる！,,
26,有限会社ダイイチ機設工業 | 未経験でも、学歴に自信がなくても高収入を目指せます！,,
27,株式会社ゴールドファステート | 【20代の若手が多数活躍中！】※大阪府緊急雇用対策に賛同,,
28,プレミアムウォーター株式会社 | ★年間休日180日以上＆残業月15時間以内 ★月収30万超も可能,,
29,株式会社ワイズ高橋 | 業界でも珍しい、弊社ならではの買取職にご注目！退職金制度あり,,
30,株式会社エネクスコンサルティング | 【ENEX Holding Co.】土日祝休みの完全週休2日制★年休120日以上,,
31,株式会社ビルドイット | 設計からの請負い案件100％で高収入可 ★残業全社平均月10h以下,,
32,クルーガーグループ株式会社 | 1ヶ月半の研修で未経験も安心◆全国募集で転勤なし◆福利厚生◎,,
33,実用春日ホーム株式会社 | <「文京区に特化、13店舗展開」が強み！>★平均残業30時間以内★,,
34,エーアイアールグループ合同募集 | ★中途採用者活躍中★20～30代男性活躍中★残業少なめ★研修充実,,
35,株式会社ワークナビ | [創業以来売り上げ増加中]■2021年ベストベンチャー100に選出！,,
36,東京エムケイ株式会社 | 月収実績:タクシー81.3万円/ハイヤー119.8万円★有給取得80％超,,
37,アップライブステージ株式会社 | テレワークの普及に伴い売上も2倍◎実績給で最高70万円支給有,,
38,株式会社リライズ | 研修制度・資格取得支援！未経験でも成果が出せる仕組み！,,
39,株式会社ホットスタッフ博多 | 北九州、行橋、小倉、飯塚、新宮、久留米に拠点を展開！,,
40,株式会社いーふらん | 買取専門店「おたからや」を全国1300店舗(出店待機含)展開！,,
41,株式会社ユタカホーム | ★残業1日1H以下 ★転勤ナシ ★定着率97％ ★完全週休2日制,,
42,株式会社あひるコンサルティング | ★目標は自分で決めるもの。自分を律して「ガッツリ」稼ぐ！！★,,
43,株式会社京栄コンサルティング | 法人営業（年収例:720万円/25歳/中途入社4年目）,,
44,テレック株式会社 | 土日祝休みOK／産・育休完備／入社2年目で月給34万円も可能,,
45,アプライド マテリアルズ ジャパン株式会社 | 「初任給が高い」未上場企業ランキング第2位,,
46,アプライド マテリアルズ ジャパン株式会社 | 「初任給が高い」未上場企業ランキング第2位,,
47,株式会社エムズクリエイティブシステム | 《前給保証》《社長も元エンジニア》《昨対比130％増で成長中》,,
48,アプライド マテリアルズ ジャパン株式会社 | 「初任給が高い」未上場企業ランキング第2位,,
49,アプライド マテリアルズ ジャパン株式会社 | 「初任給が高い」未上場企業ランキング第2位,,
0,アプライド マテリアルズ ジャパン株式会社 | 「初任給が高い」未上場企業ランキング第2位,,
1,アプライド マテリアルズ ジャパン株式会社 | 「初任給が高い」未上場企業ランキング第2位,,
2,アプライド マテリアルズ ジャパン株式会社 | 「初任給が高い」未上場企業ランキング第2位,,
3,株式会社ジーアフター | 輸入車・国産車の買取、販売◇売上前年比130%成長で不況知らず！,,
4,株式会社GoodWorkJapan | ★全国募集 ★収入UPを実現した先輩多数 ★残業少なめ,,
5,日野自動車株式会社 | 東証一部上場・TOYOTAグループ・家具付き無料寮完備(光熱費無料),,
6,株式会社グランドジャパン | 20代歓迎/住宅手当3万/8日間の連続休暇可/福利厚生充実,,
7,株式会社ウイルテック | <未経験歓迎！>月収45万円以上も可能な好待遇／世界各国が勤務先,,
8,株式会社テクトン | 「未経験で心配・・・」そんなあなたを応援する会社,,
9,新日本ハウス株式会社 | 転勤ナシ＝好きな街で働けます！吉幾三さんのCMでおなじみの会社,,
10,株式会社要 | ＜ゲームやアプリ開発、インフラ構築など案件豊富＞※経験者歓迎,,
11,株式会社ホンダカーズ中央佐賀 | 《 佐賀からの転勤なし 》借上社宅/積立有給休暇/社割など充実☆,,
12,株式会社優誠 | 【大阪府緊急雇用対策に賛同】ノルマなし＆成約率は50％以上！,,
13,株式会社あひるコンサルティング | 業界未経験者も活躍できる、残業も少なめで働きやすい環境です,,
14,中部自動車販売株式会社 | ★創業以来黒字・無借金経営 ★10月本社を新自社ビルに移転！,,
15,株式会社トップ | 《トップHDグループ》33歳*月給例:月給29.1万円＋インセン＋賞与,,
16,株式会社ハマエンジニアリング | 【TV＆WEBCM絶賛放映中】賞与年3回★20代で年収450万円超えも可,,
17,株式会社PENTAGON | 月給27万円～/入社1年目平均年収は480万円/頑張りは正当に評価◎,,
18,株式会社PENTAGON | 頑張りは正当に評価◎/1回のインセンティブで100万円稼ぐ人も！,,
19,株式会社TERASS | 定着率94.9%/仲介手数料の75％が年収/副業OK/面接1回,,
20,東京エムケイ株式会社 | ハイヤー月収実績119.8万円※2021年8月度支給実績/男性育休実績,,
21,株式会社テイクス | 【新宿事業所】21年連続増収増益！上場企業グループ会社,,
22,株式会社テイクス | 【本社】個性・長所を伸ばす風土！上場企業グループ会社,,
23,住宅セレクション株式会社 | 《引越費用半額負担有！全国から神奈川湘南で働きたい方大歓迎》,,
24,株式会社オープンハウス | 東証一部上場◆20代の管理職率76％◆年4回昇給&昇格のチャンス有,,
25,株式会社杉並モータース | ★残業代100%支給★有休取得率ほぼ100％ ★Web面接OK★日勤勤務,,
26,株式会社京栄センター | 《名古屋/東京/宇都宮/大阪/京都/福岡での募集》平均年齢27.5歳,,
27,株式会社サンテック | 【圧倒的安定感】業界大手×インフラ事業／コロナ禍でも業績好調,,
28,株式会社ミックウェア | ★ホンダやトヨタのパートナーとして最先端技術を駆使！,,
29,東日本住宅株式会社 | <50期連続で黒字経営の成長企業＆新店OPEN予定>★未経験者歓迎,,
30,株式会社El．Assist． | (エレ アシスト) 昨今注目の、電力不足や光熱費上昇の課題も解決,,
31,株式会社ＺＵＮＤ | ★姫路から世界へ！宇宙一のラーメン屋を目指すための増員募集★,,
32,株式会社AOA | 【大阪府緊急雇用対策に賛同】平均年齢27歳◎2部も同時募集★,,
33,株式会社Right Armサービス | 大手不動産管理会社や住宅メーカー多数と取引する安定企業,,
34,株式会社京進 | 東証二部上場,,
35,日本交通株式会社 | 三鷹営業所★飲食関連や個人事業主など前職様々なメンバーが活躍,,
36,株式会社ガイア | 月給25万円以上！培ってきた豊富な経験を活かしませんか？,,
37,株式会社ジョイナス | 【1980年設立！上場企業と直取引】★賞与年2回＋別途インセン有,,
38,株式会社エス・エル・エス福岡 | 総合レジャーサービスグループ(九州全県、広島県に35店舗展開),,
39,株式会社Be-flow | 全国売上《トップ5位》は全員が当社の社員！,,
40,レイス株式会社 | 国内TOPクラスの総合コンサルティング会社,,
41,株式会社山由製作所 | 大手食品メーカーの “新しい価値を生み出す” 技術パートナー！,,
42,株式会社ヨドバシカメラ | ★残業代100％支給★賞与年2回★社員割引あり★福利厚生も充実,,
43,株式会社SALTO | ＃年休132日＃フルリモート案件多数＃完全週休2日制,,
44,株式会社秋山住研 | 【設立42年】地域に根ざした工務店◎100億企業を目指し拡大中！,,
45,フォーザウィン株式会社 | ＜有休消化率100%／残業月平均15時間以下／年間休日125日＞,,
46,株式会社R'zソリューション | 活躍の舞台は、大手メーカー工場★住宅手当あり／長期休暇あり,,
47,セットライフエージェンシー株式会社 | #残業月平均5時間以下 #初年度年収例：年収800万円/中途1年目,,
48,菅原興業株式会社 | 【設立45年】＊転勤なし！職場近くにキレイな格安寮＆仮眠室あり,,
49,ディーエムソリューションズ株式会社 | JASDAQ上場／設立以来17期連続黒字経営！年休124日・土日祝休み,,
0,株式会社京進 | 東証二部上場,,
1,"株式会社リオグループ | #入社1年6ヶ月／年収1,200万円 #入社8ヶ月／年収640万円等の実績",,
2,UTエイム株式会社 | 【東証一部上場グループ】”九州でずっと働きたい”を叶える！,,
3,株式会社Al・assembly | ◎日勤のみ◎週休2日制の土日休み◎資格取得支援制度あり♪,,
4,UTエイム株式会社 | 【東証一部上場グループ】コロナ禍でも安定して成長中★,,
5,ワンダーグループ株式会社 | 面接1回／選べる働き方！土日祝休みor指定休日の中でシフト制♪,,
6,オリンパス株式会社 | 消化器内視鏡分野で世界シェア70％の医療機器メーカー,,
7,佐藤建業株式会社 | 今年で創立61周年！杉並区・都内の地域に密着した工事事業を展開,,
8,ユナイテッド＆コレクティブ株式会社 | 東証マザーズ上場★売上好調につき社員大募集！,,
9,税理士法人松本 | 業績好調&安定基盤◆新宿オフィス拡張移転しOPEN！◆男性活躍中,,
10,オリンパス株式会社 | 消化器内視鏡分野で世界シェア70％の医療機器メーカー,,
11,リンク・プロフィット・システム株式会社 | 社食・食事補助あり／残業少なめ／公平な評価制度あり,,
12,グッドモーゲージ株式会社 | 昨年対比売上184％の成長企業！年間休日122日！完全週休2日制,,
13,UTパベック株式会社 | 【東証一部上場グループ】入社祝い金10万円支給エリア多数！,,
14,FUJINO HOUSE ENGINEERING株式会社 | 応募者は100％面接／残業ほぼなし／完全週休2日制(土日)もOK,,
15,株式会社ニューアート・シーマ | 日本最大級のダイヤモンド専門店『銀座ダイヤモンドシライシ』,,
16,株式会社HIRAYAMA | 《業績好調》黒字経営を続ける安定企業★月収37.5万円の高収入！,,
17,株式会社エービーシーホーム | ◆21年連続業績アップ◆既婚率7割◆インセンティブ年間最大16回,,
18,株式会社本田住設 | #東証一部上場ダイキアクシスと直接取引#独立支援もあり,,
19,株式会社バグース | ★経験者優遇★賞与2回＋決算賞与★年3回10日程度の長期休暇あり,,
20,株式会社ネオート | 未経験歓迎/20代活躍中！/ 月平均7万円のインセンティブあり,,
21,シンエイホーム株式会社 | メリハリ付けて働ける＆高収入！子育て中のスタッフも活躍中◎,,
22,UTエイム株式会社 | 【東証一部上場グループ】社宅費や赴任旅費交通費は全額補助！,,
23,コーンズ・モータース株式会社 | ＜フェラーリ、ロールス・ロイスなど高級輸入車の正規代理店＞,,
24,株式会社東名 | 東証・名証一部上場企業／残業少なめ／名駅スグ／女性社員活躍中,,
25,株式会社窪治組 | ★転勤なし★社員寮完備★残業ほぼなし★実働7.5h★各種手当充実,,
26,株式会社山崎機械店 | 【創業76年の専門商社】賞与年2～5ヶ月／年収1000万円を目指せる,,
27,株式会社太田興産 | JASDAQ上場（株）ジェーソンの持株会社◆銀座4丁目の自社ビル！,,
28,株式会社ピースリー | 積極面接中!!年休120日以上でプライベートも充実◎20代活躍中★,,
29,株式会社ホンダクリオ南海 | 未経験歓迎／初年度年収400万円～※大阪府緊急雇用対策に賛同,,
30,株式会社ゲッコー | 年2回5～7日の長期休暇アリ・直行直帰OK・転勤ナシ,,
31,株式会社丸八ダイレクト | ◆名証二部上場「丸八グループ」◆WEB面接可◆報奨金・賞与年2回,,
32,洋伸建設株式会社 | 五洋建設グループ◎施工管理技士2級⇒1級へキャリアUPも叶います,,
33,アイテル株式会社 | 全国6拠点募集／毎月選べる働き方／年収1000万円も目指せる,,
34,コーンズ・モータース株式会社 | ＜フェラーリ、ロールス・ロイスなど高級輸入車の正規代理店＞,,
35,シティロード株式会社 | 大手舗装会社のグループ：資格取得支援も充実！WEB面接対応◎,,
36,株式会社ダイケンビルサービス | 創業63年の安定企業：残業月20時間以内・福利厚生も充実！,,
37,株式会社大崎産業 | 増収増益を継続中／公共工事をメインに安定した会社で働く！,,
38,旭紙工株式会社 | 月給25万円~+賞与5ヶ月/基本定時退社/大阪府緊急雇用対策に賛同,,
39,サンコーコンサルタント株式会社 | 社会インフラ整備を企画・設計する安定企業 ★賞与4.9カ月分,,
40,株式会社貴順 | 東日本トップクラスの宅配・配送企業★需要拡大中★寮制度あり,,
41,株式会社タイセイリサイクル | リサイクル事業を展開＊環境省「エコアクション21」の認証取得,,
42,関西不動産販売株式会社 | 16期連続で増収増益中｜固定給25万円を最低保証｜随時昇給あり,,
43,株式会社未来図建設 | 【創業120周年の老舗企業】■転勤なし ■月給35万円～,,
44,株式会社ILLEST PLUS | 各業界の大手企業と取引あり／土日祝休み／年間休日120日以上,,
45,株式会社ムラカミ | ◆業績好調◆転勤なし、香川でずっと働ける◆寮あり,,
46,社会福祉法人ひまわり会 | 賞与年3回（4.8ヵ月分：前年実績）・産育休取得＆復帰実績も多数,,
47,株式会社カナクラ | #家族葬に特化#業績好調#高松市内中心#高松の成長中企業,,
48,関西不動産販売株式会社 | 16期連続で増収増益｜北摂エリアにてトップクラスの知名度＆実績,,
49,株式会社ナチュレカード | 〈 建物検査事業 〉◎時間・場所、休み、収入が自由自在！,,
0,日本交通横浜株式会社 | 11年連続売上No.1*の日本交通グループ☆入社準備金30万円支給！,,
1,株式会社東名 | 東証・名証一部上場企業／残業少なめ／産休・育休取得実績あり！,,
2,株式会社クレス不動産 | 反響営業だから、未経験でもムリなく稼げる＊,,
3,株式会社relation | 【大阪府緊急雇用対策に賛同】#自社内開発 #定着率95％以上,,
4,日本交通横浜株式会社 | 11年連続売上No.1*の日本交通グループ☆入社準備金30万円支給！,,
5,株式会社アイタン | ★創業から21年連続売上UP★賞与年2回＋臨時賞与（4年連続支給）,,
6,株式会社アクティブフュージョンズ | 前給保証！自社内開発・受託増加中★リモート／残業月10h以下,,
7,株式会社キョウシン | 大阪府緊急雇用対策に賛同 ★完全週休2日！残業月平均5時間！,,
8,株式会社ZEROBASE | ノルマ・飛びこみ・テレアポなし★中途入社100％★年休120日,,
9,株式会社ユタカホーム | 創業46年の安定企業★年間休日120日★土日祝休み★基本定時退社,,
10,株式会社モトーレン福島 | 《福島県内唯一のBMW／MINI正規ディーラー》★県外転勤なし,,
11,株式会社フカケン | ★20・30代の若手活躍中！★未経験者・経験者ともに歓迎！,,
12,株式会社メイズ | ☆賞与年3回☆完全週休2日制☆1週間以上の長期休暇×年2回,,
13,株式会社ソルエナジー | 未経験OK｜月給28万円以上｜残業ほぼナシ｜週休2日制(土日),,
14,株式会社レジット | 月給37万円も可能！/ 資格支援制度 / 服装・ヘアスタイル自由,,
15,株式会社キャリアサービス | 【年休125日以上】【産休育休実績あり】★20代・30代活躍中！,,
16,ウィンクルム株式会社 | 土日祝日休み★月給25万円以上＋インセンティブ ★平均年齢27歳,,
17,株式会社データワンテクノロジー | 【業績好調】★10月に「浅草橋駅」スグの新オフィスに移転,,
18,ウィンクルム株式会社 | 固定給月給25万円以上＋インセン／営業経験が浅い方も、大歓迎！,,
19,株式会社エール | 10月23日(土)開催のマイナビ転職フェア福岡に出展＠JR九州ホール,,
20,Garrett Japan合同会社 | 【大人気ポップコーンのお店】★有給消化100％★正社員登用あり,,
21,井本刃物株式会社 | 創業約100年｜自衛隊や東京消防庁でも当社製品が使われています,,
22,株式会社レーベンゼストック | 東証一部上場グループ★宅建保有者大歓迎★残業少なめ★土日休み,,
23,株式会社マイナビM&A | マイナビグループの信頼を活かして、事業承継問題を解決！,,
24,株式会社ベルハウジング | ＜ 設立35周年 ＞グッドデザイン賞の住宅／未経験から成長できる,,
25,西日本高速道路エンジニアリング中国株式会社 | 【NEXCO西日本グループ】◎年収600万円以上も目指せます！,,
26,株式会社松尾モータース | 未経験から、国家資格取得を支援！定着率も抜群です！,,
27,株式会社クラウディオサステナビリティ | 土日休み・年休120日以上・フレックスタイム制・リモートOK,,
28,株式会社セルモ | ＜セルモグループ＞冠婚葬祭業界のリーディングカンパニー,,
29,グリーンアースパワー株式会社,,
30,株式会社朋友 | 社員を最も大切に 有給取得率94％！｜定年以降も働ける会社,,
31,ホクセツハウス株式会社 | 【ホームメイトFC 高槻駅前店】#駅チカ #有給の取りやすさ◎,,
32,株式会社ツイテルホーム | 有給取得も推奨｜昇格チャンス年4回｜平均歩合支給額は月10万円,,
33,エヌケー貿易株式会社 | ◆昇給年2回 ◆賞与年2～3回,,
34,エイトリンク株式会社 | 毎月インセンティブ＋賞与年2回有り！有給取得率100%,,
35,"株式会社Wisdom Technology | 土日祝休みの完全週休2日制！年収1,000万円以上も目指せます",,
36,オリエント住宅販売株式会社 | 広告投資に積極的だから集客力◎／20代～30代活躍中／実働7時間,,
37,日動工業株式会社 | LED照明や施設照明から便利商品まで企画開発する安定メーカー,,
38,株式会社九州電気保安センター | 【電話問い合わせもOK】土日の完全週休2日で基本残業なし！,,
39,"東山管理センター株式会社 | 京都本社/創業65年以上/京都大学,桂離宮なども手掛ける優良企業",,
40,株式会社古谷商事 | 大きな裁量権のもと、自分の店舗を持つことが出来る！,,
41,株式会社サーバントップ | 完全週休2日制／残業なし／業界高水準のインセンティブ制度,,
42,山陽自動車運送株式会社 | 【大阪府緊急雇用対策に賛同】東証一部上場のグループ企業,,
43,リアルパートナーズ株式会社 | 【横浜・川崎エリア不動産会社ランキング三冠受賞企業】,,
44,株式会社エステート白馬 | 南浦和店／不動産・建設・介護等を手掛ける白馬グループの中核,,
45,イオンリチウムエナジー株式会社 | 【 平均月収80万円 】★隔週週休3日制 ★ノルマなし ★転勤なし,,
46,株式会社カワグチ | 名古屋市緑区・刈谷・豊明からもアクセス抜群★有休取得率80%,,
47,株式会社フレスタ | ITシステム開発サービスで急成長！◎副業OK◎残業少なめ,,
48,有限会社ゼロ・ワークス | ★ 普通免許があれば【全員面接】★｜大阪府緊急雇用対策に賛同,,
49,株式会社Markus | ＜増員募集＞★面接1回★年収1000万円も目指せる／残業ほぼ0,,
0,株式会社リーガルインフォメーション | ★神戸・名古屋・仙台・大宮での同時募集！★WEB面接可！,,
1,アサカホーム株式会社,,
2,株式会社エム・シー・ピー | ★基本定時退社★正当評価で年収1000万円も可能★昇給年4回,,
3,株式会社ARS | 残業少なめ＆完全週休2日でオフも充実！賞与年4回可！面接1回！,,
4,株式会社コネクト | ◆転勤なし◆毎月インセン有＋賞与年3回◆1年目から高収入が可能,,
5,KSネットワーク株式会社 | 大手コンビニを手掛けているので業績も安定中♪,,
6,ソーシャルインクルー株式会社 | 今期も増収増益を更新◎将来性・安定性ともに業界トップクラス！,,
7,株式会社ツイテルホーム | 選べる働き方→週休3日制も可能♪転勤なく好きな街で働ける,,
8,エスシーエス株式会社 | 《エコ事業に貢献》★面接保証◎TEL問合せ歓迎⇒048-936-1234,,
9,GTNET株式会社 | 全国の拠点で現地面接・現地採用｜売上64億以上を誇る企業で活躍,,
10,株式会社ファーム・アライアンス・マネジメント | ”農業”に特化◆会社を裏から支える◎年休125日／賞与年2回,,
11,株式会社エヴァ・ライフ | ＼ 高収入が目指せます ／インセンティブが10万円を超える月も?!,,
12,SE住宅ローンサービス株式会社 | JASDAQ上場エヌ・シー・エヌ100％出資子会社◆年収500万以上OK,,
13,有限会社中央物流 | ブランクある方もOK！30代～40代の育児中ドライバー活躍中！,,
14,株式会社日本シーマート | 旬の駅 大和郡山に新店OPEN/事業拡大のため増員募集/入社祝金有,,
15,株式会社ビビット | 【ハウスドゥ川越新河岸】★未経験でも月25万円～ ★完全週休2日,,
16,株式会社誠 | 家具家電付き1R寮完備／独立後に月収60万円超を叶えた先輩も！,,
17,株式会社サンフジ建設 | 年商90億円以上を誇るグループ企業★直帰直帰可・報奨金あり！,,
18,株式会社三進ろ過工業 | 《福岡限定！博多駅徒歩12分》★未経験でも月給25万円スタート★,,
19,伊豫スズキ販売株式会社 | #業界でも珍しい完全週休2日をいち早く導入#年休126日,,
20,株式会社バントウ | ＃実力主義の技術者集団＃高収入エンジニアを目指せる[近道]あり,,
21,株式会社大阪真和エンタープライズ | 総売上122億円以上！安定基盤/面接1回/賞与年2回/福利厚生◎,,
22,株式会社ネクサス | 2019年に設立！3年目を迎えた新鋭企業！／残業少なめ／転勤なし,,
23,BEST株式会社 | 【福岡拠点 NEW OPEN！！】＼＼スターティングメンバ―募集／／,,
24,大仲金属株式会社 | (ダイナカキンゾク) ◆完全週休2日/平均月収35万円/未経験歓迎,,
25,株式会社東亜産業 | 賞与年2回（業績により）／20代～30代中心に活躍中！,,
26,株式会社エイトエンジニアリング | 設立以来、増益増収を継続中／エンジニアファーストを徹底,,
27,株式会社TAKEFUJI | 電話での問い合わせもOK！【045-383-9697】,,
28,UTHP株式会社 | 東証一部上場企業グループ・日立グループへの転籍実績も多数,,
29,村地綜合木材株式会社 | 応募資格を満たす方は全員面接！過去最高益を更新中の成長企業,,
30,株式会社有藤商店 | 業績好調／頑張り次第で年収700万円も可能！決算賞与もあり,,
31,大津紙運輸株式会社 | 【大津板紙株式会社の子会社】★資格は会社全額負担で取得OK,,
32,株式会社松本電機製作所 | 三菱電機、オムロン等と取引/【モデル年収】29歳…年収600万円,,
33,株式会社小山電機工事 | <Welcome>電気工事の経験者、仕事もプライベートも大事にする方,,
34,株式会社KASOL | 【カーソル】★エンジニアの働きやすさ＆成長にこだわる会社★,,
35,株式会社Ｔ．ｖａｌｕｅ | 安定して稼ぐなら「断る理由がない」サービスを。未経験大歓迎！,,
36,"Earth ecology株式会社 | 完全週休2日制！★社用車貸与※転勤なし◇最高年収は1,600万円！",,
37,臨海建設株式会社 | ＼公共案件100％／総合土木業として愛媛に貢献！＜面接1回のみ＞,,
38,株式会社渡辺ホールディングス | ★自社サービス★土日祝休み★年休124日★毎月2種類の歩合あり,,
39,株式会社建築資料研究社 | 景気に左右されない！資格系スクール「日建学院」を運営,,
40,株式会社東名 | 2020年7月に東証・名証一部に上場しました！,,
41,株式会社マツシタホーム | ◆茨城東部地区着工トップクラス◆独自の仕組みプラン契約率80%,,
42,アスモホーム株式会社 | 完全週休2日／年2回の長期休暇／経験者の1年目平均月収35万円,,
43,株式会社清光社 | 未経験OK/残業月10h以下/夜勤なし/未経験でも多彩なキャリアパス,,
44,株式会社T.K.R | テレビCMも放映中の安定企業！ノルマ無しの完全反響営業募集◎,,
45,大阪第一交通株式会社 | 上場グループ／年収500万円以上可／大阪府緊急雇用対策に賛同,,
46,株式会社統源 | 採用担当直通★TEL問い合わせもOK⇒080-3350-7778,,
47,有限会社イースト・コーポレーション | ～大手ゼネコンと直取引する安定企業～＜条件に合う方全員面接＞,,
48,株式会社アンフィニ | 【大阪府緊急雇用対策に賛同】＊年間休日110日＊,,
49,株式会社エム・シー・ピー | ★年齢不問★連続休暇取得も可★資格取得支援有★20～50代活躍中,,
0,株式会社崎山組 | 平均年齢38歳／男性の育児休暇取得実績あり／有休平均年16日取得,,
1,株式会社ファイン | 【ホテル正社員募集】書類選考は目を通す程度 ⇒ 完全人柄採用！,,
2,株式会社沖縄ユーポス | 【 ユーポスグループ 】20代の若手社員が続々と入社しています,,
3,HRconsulting株式会社 | ◆完全週休2日(土日祝)◆年休124日◆基本定時退社◆高インセン,,
4,株式会社エディスト | 平均年齢26歳／月給30万円スタート／土日祝休み／服装自由,,
5,株式会社ホマレ電池 | 創業87年の安定性が魅力｜風通しの良い社風,,
6,東都興業株式会社 | 日本の農業を支える超安定メーカー★研修期間は1年間★賞与年3回,,
7,株式会社sizebook | 業界高水準の待遇★月25万～★完休2日★土日祝休★第二新卒歓迎,,
8,有限会社館 | ★入社1年以内に【月収35万～40万円】も充分目指せる！,,
9,株式会社トラストワークス | エンジニアファーストを徹底！経験者が思わず唸る環境があります,,
10,株式会社ショウエー設計測量事務所 | 1971年設立！安定した事業基盤でコロナ禍でも業績は好調！,,
11,株式会社GL | 経験者は前職給与保証！｜土日祝休み｜大阪府緊急雇用対策に賛同,,
12,株式会社アールブリッジ | 社会人デビュー大歓迎◆正社員登用あり◆WEB面接可◆,,
13,株式会社山王 | 【新拠点オープニングメンバー大募集！】◎年間休日117日,,
14,三協電機株式会社 | 設立60年｜三菱電機など大手企業や官公庁と直取引｜WEB面接OK,,
15,株式会社コンセプト | 競馬関連のプロモーションを担う制作会社 ◎2週間の長期休暇あり,,
16,株式会社XiT | 《業界を変えるベンチャー企業》―Redesign the last one mile―,,
17,株式会社エフテック | ◆残業月20H程度◆賞与年2回◆住宅、家族手当などの手当も充実,,
18,カンエツ興業株式会社 | 設立46年の総合建設会社 | 週休2日★賞与年2回★月給30万円～,,
19,廣川電機株式会社 | カネカ、サントリーなど大手と直接取引／資格取得支援あり,,
20,サムティプロパティマネジメント株式会社 | 【東証一部上場100％出資企業】★大阪府緊急雇用対策に賛同,,
21,インフォシー株式会社 | ★グローバルベンチャー企業★年休120日以上★残業は月10h以下♪,,
22,株式会社SSコーポレーション | ★1人1車体制★費用負担で大型免許の取得可能★長期休暇も充実,,
23,社会福祉法人 枚方療育園 | ビアンエトール恭愛【大阪府緊急雇用対策に賛同】月8日休み,,
24,"株式会社SSコーポレーション | ★平均有給取得日数10日★GW,夏季,年末年始休暇あり★未経験OK",,
25,株式会社ヘルセ | ◆設立以来増収増益 ◆国内40店舗を展開 ◆海外展開もスタート,,
26,村田建設株式会社 | 元請け案件が8～9割／業績好調／社会福祉法人等と直取引を実現,,
27,株式会社桜井自動車教習所 | ◆日祝固定休み＋土曜日交代制◆平均月収30万円◆賞与4.2ヶ月分,,
28,株式会社SSコーポレーション | Glast(グラスト)/原則定時退社/GW・夏季・冬季の長期休暇あり,,
29,日本フォーミング株式会社 | ◆基本土日祝休み◆ほぼ定時退社 ◎未経験大歓迎！,,
30,ロビンスジャパン株式会社 | SUUMO 関東 注文住宅・工務店ランキング2016～2020年第1位,,
31,サイフォ株式会社 | ＼福岡トップクラスの知名度・実績があなたの営業活動を後押し／,,
32,株式会社GRAST | 都内8店舗展開！◎寮完備！◎安定収入がいい！,,
33,"有限会社B.T | 関西電力グループ""きんでん""協力企業／大阪府緊急雇用対策に賛同",,
34,株式会社ラングローブ | 未経験歓迎／月8-11日休み／残業月10～20h程度／稼げる環境◎,,
35,株式会社トワードセントラル | 業績安定の食品配送／シフトも柔軟に組める◎/福利厚生が充実！,,
36,豊中機工株式会社 | ゴルフ場用芝刈り機などを取り扱う専門商社/土日祝休/年休125日,,
37,株式会社ハウスクルーズ | 完全週休二日制/有給消化率100％/20代管理職歴あり,,
38,株式会社崎山組 | ＊1回の賞与で100万円の実績あり／男性の育児休暇取得実績あり＊,,
39,株式会社マリーロード | 《ラシュレディアコート》週休二日／賞与年2回／男女共に活躍中,,
40,株式会社ケーシーエス・エス | 【大阪府緊急雇用対策に賛同】年収600万円以上も十分可能です！,,
41,株式会社Rush up | 成長率200％超えの成長企業【大阪府緊急雇用対策に賛同】,,
42,株式会社Rush up | 成長率200％超えの成長企業【大阪府緊急雇用対策に賛同】,,
43,株式会社ONE | ◆平均月収40万円＆インセンティブあり◆面接時の交通費支給,,
44,法成寺運輸株式会社 | 最近も未経験から20・30代の社員が入社★1年目で月収40万円可能,,
45,株式会社シュテルン葛飾 | メルセデンス・ベンツ正規ディーラー/年休110日/毎月インセン,,
46,株式会社スカーラサポート | 《面接1回》《社員の9割が月給30万円以上実現》《普通免許でOK》,,
47,株式会社エナジーシステム | #月20万円以上のインセン獲得者も！#未経験歓迎！,,
48,株式会社ACE one | 年間休日122日｜毎月の歩合給で収入もアップ｜ノルマなし,,
49,株式会社ひらぎの | 未経験から高収入が目指せる！UIターン支度金（10～20万円）あり,,
0,株式会社ベクタークラフト | 大阪府緊急雇用対策に賛同★経験5年で年収620万円の社員も在籍,,
1,株式会社ウルテック | ★設立45年 ★未経験でも月給25万円以上 ★完全週休2日制,,
2,株式会社ケーシーエス | 【入社1年目から月収40万円超も可能】完週休2日の働き方もできる,,
3,富国運輸株式会社 | 月給40万円以上も可！無事故手当(月最大7万円)など環境充実！,,
4,大東建託株式会社 | 【東証一部・名証一部上場】フレックスタイム制で働きやすさ◎,,
5,能丸政孝税理士事務所 | 北九州で創業30年以上の歴史！土日祝休み◎残業少なめ◎,,
6,株式会社西家 | ◆大型連休年3回(GW/夏季/年末年始)→最大9連休 ◆週休2日制,,
7,三栄工業株式会社 | 創業64年！60歳以上の社員も活躍中★長く働ける会社です！,,
8,有限会社一成工業所 | ◎創業40年以上!安定の経営 ◎主な取引先は「名古屋市交通局」等,,
9,株式会社フォーナイン | 120店舗⇒200店舗へ拡大中◆年休120日以上◆不況に強い安定業界,,
10,ケイエイツー株式会社 | 店舗拡大中の急成長住宅メーカー★2020年度グッドデザイン賞受賞,,
11,"アークネット株式会社 | 「やる気スイッチ」のスクールIE,英会話スクール「WinBe」を運営",,
12,株式会社アスカクリエート | 賞与年3回支給(昨年度実績8ヶ月分)／残業なし／年間休日125日,,
13,株式会社ホームケアサービス山口 | #福利厚生抜群　#業界随一の賞与　#資格取得をサポート,,
14,株式会社富士鳩急送 | ◆賞与年2回 　◆転勤なし！ ◆月収40万円も可能です！！,,
15,株式会社札幌解体建設 | 転勤なし／電話問い合わせもOK！ ⇒ TEL／011-865-6060,,
16,株式会社GLOBAL BEAUTY | WEB面接OK・完休2日／複数事業を展開中のGLOBAL HOLDINGS GROUP,,
17,株式会社いいとも | 韓国料理マショマショ、マショチキンなど韓国居酒屋を運営,,
18,"株式会社リグロス | REGLOS CO., Ltd.",,
19,明興電設株式会社 | 30代で年収800万以上の先輩も活躍中★個人利用可能な社用車支給,,
20,株式会社WEST WIND | 設立以来黒字経営／高収入・私生活充実で働ける理由を教えます！,,
21,株式会社大川建設 | 大手ゼネコンの元請★食堂付き宿舎有★直行直帰OK,,
22,新日本リース株式会社 | 新日本グループの安定性あり◆腰を据えて長期に活躍できる,,
23,株式会社ワールドサービス | ◎土日休み・年休112日　◎分社化も目指す成長企業,,
24,株式会社モリコーポレーション | 完全週休2日制／土日祝休み／年間休日123日／月給24万円以上も可,,
25,株式会社わさび | 入社3年で年収1000万円を目指す／月給46万円以上／年休120日以上,,
26,株式会社アジアインフォネット,,
27,株式会社アジアインフォネット,,
28,株式会社福コンサルタント | 土日祝休み／高収入(年収700万円以上可)／面接1回／副業もOK,,
29,ヤマトワーク有限会社 | <20～40代活躍中> 官公庁案件がメイン／資格取得支援あり！,,
30,株式会社ニューアート・シーマ | 日本最大級のダイヤモンド専門店『銀座ダイヤモンドシライシ』,,
31,株式会社アネーラ | 大阪府緊急雇用対策に賛同／完全日月休み（土曜日は16：00まで）,,
32,有限会社福岡紙業 | 月給40万円以上も目指せる★新築マイホームを買った社員も多数！,,
33,ウィズライフ株式会社 | 安定成長企業・オンライン面接可・年収1500万円以上可能,,
34,エクスペダイターズ・ジャパン株式会社 | 世界103カ国322拠点を設ける外資系企業◆賞与実績平均7ヶ月分,,
35,想いコーポレーション株式会社,,
36,株式会社ケー・イー・シー | <環境保全のためコロナの影響が少なく安定>■社宅・引越し補助有,,
37,株式会社ケイズホーム | 《WEB集客が好調◎神戸・明石密着の優良企業》★安定収入を実現,,
38,"日星石油株式会社 | 創業86年/老舗エネルギー企業/あなたの""これから""の面倒を見ます",,
39,株式会社進和ホームメンテナンス | 関西電力100％出資会社「かんでんEハウス」のパートナー企業,,
40,株式会社Be-Groove | #年休125日 #週休2日制 #社員寮あり #賞与2回 #資格支援あり,,
41,株式会社相馬 | 大手ゼネコンと直接取引あり安定企業＊コロナ禍も関係なし,,
42,キャレット合同会社 | ＃月給40万～ ＃残業少なめ ＃年間休日130日～ #前給保証,,
43,鶴信運輸株式会社 | 最近も未経験から20・30代の社員が入社★1年目で月収40万円可能,,
44,株式会社広伸ホーム | ＼年々案件数UP／コロナ禍でも業績好調の安定企業！★若手活躍中,,
45,阪神センコー運輸株式会社 | ★安定基盤が自慢★東証一部上場企業『センコー』のグループ会社,,
46,株式会社三谷電気 | 《地域密着×安定企業》応募条件に合う方は全員面接します！,,
47,株式会社晃技開発 | 【大阪府緊急雇用対策に賛同】◆高インセンティブ＋昇給随時！◆,,
48,郡司建設株式会社 | ◆賞与平均3.2ヶ月分支給！年収850万円も可能！前職給与を考慮,,
49,株式会社BE START | 軽貨物の宅配や企業配送などを手がける運送会社,,
0,株式会社ファスト | 未経験歓迎・完全週休2日制・年間休日125日・各種手当制度あり,,
1,おぎ堂会計事務所 | 基本定時退社／業界水準以上の高待遇／大阪府緊急雇用対策に賛同,,
2,株式会社日本セイユ― | 残業少なめ／寮完備で即入居OK／日・隔土休み,,
3,株式会社フードバンク | ★種類の豊富なインセンティブあり★業界経験者歓迎★30代活躍中,,
4,株式会社キノシタ林業 | ★残業なし★女性も活躍中★立ち上げ期★社員ファーストの会社,,
5,ケミックス東海株式会社 | 金属の塗装剥離で業界トップクラス★福利厚生充実＋多数手当付き,,
6,株式会社伸興製作所 | 創業72年／大手企業と取引／社員一人ひとりに合わせた働き方,,
7,ベルトラックス株式会社 | ディーラー経験者など整備経験のある方歓迎！★残業ほぼなし！,,
8,環協株式会社 | コロナ禍でも成長続ける安定企業 ◆自分次第で高収入を目指せる,,
9,株式会社栃木ケイテクノ | 【東証一部上場の関電工グループ】栃木県トップクラスの実績,,
10,ジャパン・アット・レスキュー株式会社 | ◎賞与年3回◎充実の研修制度あり【大阪府緊急雇用対策に賛同】,,
11,株式会社友建設 | ” 安定経営 × 高収入 × 働きやすさ ” が揃っています！,,
12,岩崎エアーテック株式会社 | 水と空気を浄化する機械の販売商社 / 月収100万円も可能！,,
13,株式会社cosbi | 【大阪府緊急雇用対策に賛同】自社ブランドとOEMを手掛ける企業,,
14,株式会社かすみ交通 | 2007年設立、地域密着のタクシー会社,,
15,株式会社エリックス | 《ユニットハウスに携わる安定企業》★残業月10h以下/賞与年2回,,
16,ミナミ電工株式会社 | ★家族を大切に！毎年9日間以上の連休休暇など制度を充実中！,,
17,新中央航空株式会社 | 《レア求人》創業43年。伊豆諸島の島民のくらしを支える航空会社,,
18,安部文化工業株式会社 | 創業から約70年景気に左右されず、安定成長を続ける優良企業！,,
19,株式会社アルファ工業 | ■大同特殊鋼グループ指定協力会社,,
20,株式会社プリペアド | 個別指導学院ヒーローズ｜コロナ禍でも生徒数増！2校で100名在籍,,
21,静岡日産自動車株式会社 | 実務未経験OK！年収600万以上を目指せます！,,
22,ＬＸ　ＰＡＮＴＯＳ　ＪＡＰＡＮ株式会社 | （旧社名：パントスジャパン株式会社）≪LXグループ≫,,
23,株式会社タクマ | 【東証一部上場】環境保全・エネルギープラントのパイオニア企業,,
24,株式会社タクマ | 【東証一部上場】環境保全・エネルギープラントのパイオニア企業,,
25,株式会社タクマ | 【東証一部上場】環境保全・エネルギープラントのパイオニア企業,,
26,株式会社タクマ | 【東証一部上場】環境保全・エネルギープラントのパイオニア企業,,
27,株式会社トレンタ | 有給取得率100％/働き方改革実施中/より良い会社を目指してます,,
28,株式会社タクマ | 【東証一部上場】環境保全・エネルギープラントのパイオニア企業,,
29,株式会社タツミプランニング | 東証一部上場｜高松建設グループ｜5年連続グッドデザイン賞受賞,,
30,株式会社幸和ホーム | 1987年創業・アメニティジョイハウスグループの一員　★転勤なし,,
31,株式会社CRUDnop | 車載システム/IoT/各種サーバー構築システムを手掛ける成長企業,,
32,株式会社リクルート北関東マーケティング | （RKM）【リクルートグループ】,,
33,くにうみＡＩ証券株式会社 | ★くにうみアセットマネジメントグループ,,
34,株式会社オーム電機 | 60年超の歴史ありで業績も絶好調＊グローバルに事業を展開中！,,
35,株式会社総合資格 | 【 建築・不動産に特化した資格学校を運営 】賞与実績4.8ヶ月分,,
36,株式会社総合資格 | 【 建築・不動産に特化した資格学校を運営 】賞与実績4.8ヶ月分,,
37,新栄工業株式会社 | 【創業54年】『空調ダクト』製造で大手企業と取引多数の安定企業,,
38,株式会社Pledge Clover | #平均26歳#前年比300％UP#UIターンOK#名古屋限定,,
39,株式会社クラシコ | ★面接1回 ★恵比寿駅徒歩2分 ★平均年齢28歳！★転勤ナシ,,
40,株式会社アイ工務店 | 《11月23日(火)マイナビ転職フェア川越に出展予定！》,,
41,メットライフ生命保険株式会社 | 【11/13（土）マイナビ転職フェア立川に出展】,,
42,株式会社バーンフュージョン | 未経験入社の先輩が数多く活躍中｜国家資格取得費用もサポート♪,,
43,東洋梱包運輸株式会社,,
44,福山通運株式会社 | 【東証一部上場】11/27（土）マイナビ転職フェア浜松に出展！,,
45,アイ・インターナショナル株式会社 | 投資物件専門の不動産会社　★年収3000万円も充分可能,,
46,株式会社丸松ササキ工業 | ★旭川に根付いて30年 ★毎年受注が増加している堅実な経営,,
47,日研トータルソーシング株式会社 | 【売上931億円】年休最大160日・11/28転職フェア＠仙台出展,,
48,株式会社丸松ササキ工業 | ★旭川に根付いて30年 ★毎年受注が増加している堅実な経営,,
49,東建コーポレーション株式会社 | ■エリア勤務でも高収入！■上場企業で安心の将来を,,
0,東建コーポレーション株式会社 | ■エリア勤務でも高収入！■上場企業で安心の将来を,,
1,東建コーポレーション株式会社 | ■エリア勤務でも高収入！■上場企業で安心の将来を,,
2,東建コーポレーション株式会社 | ■エリア勤務でも高収入！■上場企業で安心の将来を,,
3,東建コーポレーション株式会社 | ■エリア勤務でも高収入！■上場企業で安心の将来を,,
4,東建コーポレーション株式会社 | ■エリア勤務でも高収入！■上場企業で安心の将来を,,
5,東建コーポレーション株式会社 | ■エリア勤務でも高収入！■上場企業で安心の将来を,,
6,東建コーポレーション株式会社 | ■エリア勤務でも高収入！■上場企業で安心の将来を,,
7,東建コーポレーション株式会社 | ■エリア勤務でも高収入！■上場企業で安心の将来を,,
8,東建コーポレーション株式会社 | ■エリア勤務でも高収入！■上場企業で安心の将来を,,
9,東建コーポレーション株式会社 | ■エリア勤務でも高収入！■上場企業で安心の将来を,,
10,東建コーポレーション株式会社 | ■エリア勤務でも高収入！■上場企業で安心の将来を,,
11,東建コーポレーション株式会社 | エリア勤務でも高収入、地元で安心できる生活を手に入れよう！,,
12,東建コーポレーション株式会社 | ■エリア勤務でも高収入！■上場企業で安心の将来を,,
13,株式会社木村土建 | 【創業91年】企業基盤の安定力抜群！応募者は全員面接します！,,
14,東建コーポレーション株式会社 | ■エリア勤務でも高収入！■上場企業で安心の将来を,,
15,東建コーポレーション株式会社 | ■エリア勤務でも高収入！■上場企業で安心の将来を,,
16,東建コーポレーション株式会社 | ■エリア勤務でも高収入！■上場企業で安心の将来を,,
17,東建コーポレーション株式会社 | ■エリア勤務でも高収入！■上場企業で安心の将来を,,
18,株式会社ア・ビュー | 〈 対象者全員面接 〉少しでも興味あれば応募してください♪,,
19,株式会社SAN NEXAS DUO | マイナビ転職フェア@名古屋に出展！11月20日ウインクあいち開催,,
20,生和コーポレーション株式会社 | 【大阪府緊急雇用対策に賛同】入社2年目で年収1000万円の社員も,,
21,信陽機材リース販売株式会社 | 東証1部上場・株式会社ワキタのグループ企業,,
22,株式会社へいせい | 【創業74年！スローライフタウンを創る総合建設会社】※転勤なし,,
23,株式会社近畿道路資材 | ◎WEB面接可◎―イノベーションで地球を守る―総合環境整備企業,,
24,株式会社當木工事 | ◆創業50年の老舗企業◆高収入・厚い待遇をご用意しています！,,
25,朝日ハウジング株式会社 | インセンティブあり！ノルマは無いですが頑張りは還元します！,,
26,ひかりハウジング株式会社 | 【東農地区トップクラスのハウスメーカー】◆インセンティブ豊富,,
27,株式会社エコライフ | 完全週休2日制 ◎1回の賞与で450万円獲得する社員も！,,
